%GrainID	SpotID	Omega	DetectorHor	DetectorVert	OmeRaw	Eta	RingNr	YLab	ZLab	Theta	StrainError
60	28	82.463940	1201.999750	583.000570	82.463940	157.705260	1.000000	-35999.950600	-87799.886200	2.710390	0.000531	
60	13	-83.529870	841.000250	583.000580	-83.529870	-157.593610	1.000000	36199.950400	-87799.883200	2.712550	-0.000260	
60	34	96.464440	840.666930	1460.999430	96.464440	-22.443560	1.000000	36266.613200	87799.886200	2.713270	-0.000393	
60	7	-97.529540	1202.309010	1460.999410	-97.529540	22.329290	1.000000	-36061.801200	87799.883000	2.711055	0.000427	
60	31	89.807290	669.000430	704.000400	89.807290	-132.014100	1.000000	70599.913200	-63599.919200	2.714050	-0.001375	
60	8	-97.442710	1373.999570	704.000400	-97.442710	132.094940	1.000000	-70399.913600	-63599.919400	2.709830	0.000183	
60	29	82.557620	1373.999570	1339.999590	82.557620	47.905060	1.000000	-70399.913200	63599.919000	2.709830	0.000179	
60	10	-90.192380	669.000430	1339.999600	-90.192380	-47.985900	1.000000	70599.913600	63599.919400	2.714050	-0.001371	
60	14	-40.170900	1492.999470	1075.999910	-40.170900	83.459620	1.000000	-94199.893600	10799.982400	2.708210	0.000969	
60	36	145.329100	550.000530	1075.999910	145.329100	-83.473350	1.000000	94399.893800	10799.982600	2.713850	-0.001110	
60	15	-34.671220	550.000530	968.000090	-34.671220	-96.526650	1.000000	94399.893800	-10799.982600	2.713850	-0.001250	
60	35	139.828780	1492.999470	968.000090	139.828780	96.540380	1.000000	-94199.893600	-10799.982400	2.708210	0.000832	
60	26	29.077720	1490.999470	955.000100	29.077720	98.130100	1.000000	-93799.894800	-13399.980200	2.706370	0.001739	
60	6	-145.422280	552.000670	955.000090	-145.422280	-98.113040	1.000000	93999.866600	-13399.981600	2.711990	-0.000330	
60	27	34.578040	552.000520	1088.999900	34.578040	-81.886970	1.000000	93999.895600	13399.980400	2.711990	-0.000339	
60	5	-150.921960	1490.999470	1088.999900	-150.921960	81.869900	1.000000	-93799.894800	13399.980200	2.706370	0.001743	
60	57	-19.948240	1411.999640	636.000350	-19.948240	134.704660	2.000000	-77999.928800	-77199.929400	3.131410	-0.000234	
60	76	168.801760	631.000360	636.000350	168.801760	-134.631310	2.000000	78199.928600	-77199.929200	3.135440	-0.001514	
60	58	-11.197920	631.000360	1407.999650	-11.197920	-45.368690	2.000000	78199.928600	77199.929200	3.135440	-0.001519	
60	75	160.052080	1411.999640	1407.999650	160.052080	45.295340	2.000000	-77999.928800	77199.929400	3.131410	-0.000232	
60	67	84.073320	1556.999540	901.000110	84.073320	102.744080	2.000000	-106999.907800	-24199.978200	3.130225	0.000111	
60	50	-89.426680	486.000460	901.000110	-89.426680	-102.721070	2.000000	107199.907400	-24199.978000	3.135750	-0.001646	
60	68	90.573650	486.000460	1142.999890	90.573650	-77.278930	2.000000	107199.908000	24199.978200	3.135750	-0.001549	
60	49	-95.926350	1556.999430	1142.999870	-95.926350	77.255920	2.000000	-106999.886200	24199.975000	3.130225	0.000217	
60	59	5.053220	1424.999630	1393.999650	5.053220	47.290610	2.000000	-80599.926000	74399.929800	3.129850	0.000415	
60	42	-166.446780	618.000370	1393.999650	-166.446780	-47.361380	2.000000	80799.926000	74399.930000	3.134010	-0.000908	
60	60	13.552900	618.000370	650.000350	13.552900	-132.638620	2.000000	80799.926000	-74399.930000	3.134010	-0.001017	
60	41	-174.947100	1424.999630	650.000350	-174.947100	132.709390	2.000000	-80599.926000	-74399.929800	3.129850	0.000317	
60	116	41.041670	1610.999690	512.000260	41.041670	130.888450	3.000000	-117799.938800	-101999.947200	4.428390	0.000564	
60	87	-127.208330	432.000270	512.000250	-127.208330	-130.840360	3.000000	117999.945600	-101999.950800	4.432620	-0.000384	
60	120	52.791990	432.000270	1531.999750	52.791990	-49.159640	3.000000	117999.945600	101999.950800	4.432620	-0.000340	
60	83	-138.958010	1610.999730	1531.999750	-138.958010	49.111550	3.000000	-117799.945600	101999.950800	4.428390	0.000619	
60	127	103.021160	860.000070	260.000320	103.021160	-167.997710	3.000000	32399.985200	-152399.935200	4.427910	0.000502	
60	90	-117.728840	1182.999930	260.000320	-117.728840	168.069660	3.000000	-32199.985200	-152399.935200	4.426750	0.000769	
60	123	62.271480	1182.999930	1783.999680	62.271480	11.930340	3.000000	-32199.985200	152399.935200	4.426750	0.000814	
60	94	-76.978520	860.000070	1783.999680	-76.978520	-12.002290	3.000000	32399.985200	152399.935200	4.427910	0.000556	
60	96	-65.938480	1753.497270	756.000080	-65.938480	109.983170	3.000000	-146299.453600	-53199.983800	4.424165	0.000980	
60	132	123.561520	289.888400	755.987290	123.561520	-109.968610	3.000000	146422.320000	-53202.543000	4.427420	0.000244	
60	100	-56.438150	289.573980	1288.036530	-56.438150	-70.037640	3.000000	146485.203000	53207.306200	4.429115	-0.000189	
60	128	114.061850	1752.999030	1287.999570	114.061850	70.004310	3.000000	-146199.805600	53199.913200	4.421545	0.001520	
60	105	-7.292970	1800.999660	1008.000010	-7.292970	91.029590	3.000000	-155799.931400	-2799.997800	4.428445	0.000263	
60	79	-178.417970	242.000340	1008.000010	-178.417970	-91.028280	3.000000	155999.931400	-2799.998000	4.434040	-0.000992	
60	111	1.582360	241.825800	1035.998530	1.582360	-88.972060	3.000000	156034.840600	2799.706400	4.435015	-0.001268	
60	138	172.707360	1800.499660	1035.999990	172.707360	88.969740	3.000000	-155699.931200	2799.998000	4.425650	0.000847	
60	117	50.062910	1758.999130	1274.991320	50.062910	71.054080	3.000000	-147399.826400	50598.263800	4.428935	0.000046	
60	88	-120.562050	284.000350	1274.499890	-120.562050	-71.112080	3.000000	147599.930600	50499.977600	4.433335	-0.000940	
60	121	59.437630	284.000350	769.500110	59.437630	-108.887920	3.000000	147599.930600	-50499.977600	4.433335	-0.000947	
60	85	-129.937490	1759.247080	768.128600	-129.937490	109.001170	3.000000	-147449.417000	-50774.280000	4.431845	-0.000606	
60	102	-45.707190	420.000280	526.000250	-45.707190	-129.485800	3.000000	120399.943400	-99199.950800	4.433410	-0.000662	
60	131	122.792810	1622.999720	526.000250	122.792810	129.532560	3.000000	-120199.943400	-99199.950600	4.429090	0.000310	
60	98	-57.206870	1622.999720	1517.999750	-57.206870	50.467440	3.000000	-120199.943400	99199.950600	4.429090	0.000412	
60	135	134.293130	420.000280	1517.999750	134.293130	-50.514200	3.000000	120399.943400	99199.950800	4.433410	-0.000560	
60	206	-0.734700	1402.999860	188.000290	-0.734700	155.447440	4.000000	-76199.971600	-166799.941400	5.195755	0.000313	
60	148	-155.984700	640.000140	188.000290	-155.984700	-155.390630	4.000000	76399.971400	-166799.941400	5.198060	-0.000124	
60	213	24.015630	640.000140	1855.999710	24.015630	-24.609370	4.000000	76399.971400	166799.941400	5.198060	-0.000094	
60	272	179.265630	1402.999860	1855.999710	179.265630	24.552560	4.000000	-76199.971600	166799.941400	5.195755	0.000353	
60	184	-60.474690	1599.999790	311.000240	-60.474690	140.890980	4.000000	-115599.958000	-142199.951200	5.192390	0.000594	
60	255	135.775260	443.029630	310.373850	135.775260	-140.868620	4.000000	115794.074800	-142325.229800	5.198480	-0.000576	
60	191	-44.224470	443.192960	1734.348290	-44.224470	-39.095020	4.000000	115761.408400	142469.658400	5.201015	-0.001063	
60	249	119.400590	1599.499790	1733.499760	119.400590	39.065050	4.000000	-115499.958000	142299.951200	5.192795	0.000515	
60	195	-33.194090	1874.999700	687.000120	-33.194090	111.441500	4.000000	-170599.940800	-66999.975600	5.193085	0.000448	
60	266	158.055910	168.000290	687.000120	158.055910	-111.418670	4.000000	170799.941000	-66999.975600	5.198245	-0.000540	
60	200	-21.943770	168.000300	1356.999880	-21.943770	-68.581330	4.000000	170799.940800	66999.975600	5.198245	-0.000580	
60	260	146.806230	1874.999700	1356.999880	146.806230	68.558500	4.000000	-170599.940800	66999.975600	5.193085	0.000413	
60	207	4.420900	1815.999710	564.000180	4.420900	119.977470	4.000000	-158799.942000	-91599.965000	5.194190	0.000475	
60	145	-163.579100	227.000290	564.000180	-163.579100	-119.946270	4.000000	158999.942000	-91599.964800	5.198995	-0.000441	
60	210	16.421020	227.501120	1479.999830	16.421020	-60.038110	4.000000	158899.776800	91599.965000	5.196590	0.000014	
60	142	-175.578780	1815.499710	1479.999820	-175.578780	60.006900	4.000000	-158699.941200	91599.964800	5.191790	0.000941	
60	182	-61.681230	122.000270	845.000060	-61.681230	-101.126170	4.000000	179999.945400	-35399.988000	5.197605	-0.000365	
60	243	107.818770	1920.999730	845.000060	107.818770	101.138240	4.000000	-179799.945400	-35399.988000	5.192165	0.000678	
60	178	-72.180910	1920.999730	1198.999940	-72.180910	78.861760	4.000000	-179799.945400	35399.988000	5.192165	0.000753	
60	247	118.319090	122.000270	1198.999940	118.319090	-78.873830	4.000000	179999.945400	35399.988000	5.197605	-0.000294	
60	239	92.316980	127.000280	823.000060	92.316980	-102.535590	4.000000	178999.944600	-39799.987000	5.195480	-0.000066	
60	173	-98.433020	1915.999720	823.000060	-98.433020	102.549160	4.000000	-178799.944600	-39799.987000	5.190070	0.000979	
60	238	81.567300	1915.999720	1220.999940	81.567300	77.450840	4.000000	-178799.944600	39799.987000	5.190070	0.000938	
60	174	-87.682700	127.000280	1220.999940	-87.682700	-77.464410	4.000000	178999.944600	39799.987000	5.195480	-0.000098	
60	209	15.808430	1884.999670	1329.999890	15.808430	70.358790	4.000000	-172599.934400	61599.977200	5.192475	0.000725	
60	150	-152.941570	158.000290	1329.999890	-152.941570	-70.379790	4.000000	172799.941000	61599.978200	5.197700	-0.000273	
60	215	27.058110	158.000330	714.000110	27.058110	-109.620210	4.000000	172799.934400	-61599.977200	5.197700	-0.000316	
60	144	-164.191890	1884.999700	714.000110	-164.191890	109.641210	4.000000	-172599.940800	-61599.978000	5.192475	0.000693	
60	203	-10.201810	211.515130	592.162310	-10.201810	-117.939080	4.000000	162096.975000	-85967.538600	5.198565	-0.000417	
60	264	158.048220	1830.581530	592.480780	158.048220	117.977280	4.000000	-161716.305600	-85903.843800	5.188415	0.001537	
60	199	-21.951500	1830.999730	1451.999980	-21.951500	62.008440	4.000000	-161799.945800	85999.996600	5.191715	0.000973	
60	268	169.798480	211.633540	1452.337270	169.798480	-62.029900	4.000000	162073.291400	86067.453600	5.199285	-0.000477	
60	237	81.287030	1742.999750	455.000210	81.287030	128.181780	4.000000	-144199.950000	-113399.958200	5.197610	-0.000016	
60	177	-85.462970	300.000250	455.000210	-85.462970	-128.143200	4.000000	144399.949800	-113399.958200	5.201965	-0.000848	
60	242	94.537350	300.000250	1588.999790	94.537350	-51.856800	4.000000	144399.949800	113399.958200	5.201965	-0.000779	
60	172	-98.712650	1742.999750	1588.999790	-98.712650	51.818220	4.000000	-144199.950000	113399.958200	5.197610	0.000061	
60	205	-4.983560	611.000150	202.000290	-4.983560	-153.379080	4.000000	82199.969000	-163999.941600	5.197580	-0.000028	
60	263	152.016440	1431.999850	202.000290	152.016440	153.434950	4.000000	-81999.969200	-163999.941600	5.195100	0.000452	
60	271	175.016760	611.000150	1841.999710	175.016760	-26.620920	4.000000	82199.969000	163999.941600	5.197580	0.000049	
60	233	66.817960	124.708860	1212.868430	66.817960	-77.991240	4.000000	179458.227600	38173.686600	5.198310	-0.000318	
60	162	-123.807010	1917.999720	1212.499940	-123.807010	77.996980	4.000000	-179199.944800	38099.988800	5.190885	0.001114	
60	228	56.192670	1917.999720	831.500060	56.192670	102.003020	4.000000	-179199.944800	-38099.988800	5.190885	0.001073	
60	167	-113.182330	124.996590	831.479800	-113.182330	-101.991210	4.000000	179400.682400	-38104.039200	5.196350	0.000028	
60	222	36.776690	1616.564840	1720.013280	36.776690	40.424220	4.000000	-118912.968200	139602.656600	5.195795	0.000071	
60	160	-127.348310	426.500210	1719.999770	-127.348310	-40.469210	4.000000	119099.958200	139599.953200	5.199100	-0.000557	
60	226	52.651370	426.500210	324.000230	52.651370	-139.530790	4.000000	119099.958200	-139599.953200	5.199100	-0.000600	
60	155	-143.223630	1616.996050	324.000520	-143.223630	139.554710	4.000000	-118999.209400	-139599.896400	5.197290	-0.000246	
60	302	75.260760	1379.586940	132.168790	75.260760	158.106810	5.000000	-71517.387400	-177966.241200	5.428700	0.000229	
60	288	-76.239260	663.006260	132.000820	-76.239260	-158.032620	5.000000	71798.747400	-177999.836200	5.432465	-0.000458	
60	310	103.761070	663.584960	1911.959620	103.761070	-21.936210	5.000000	71683.009000	177991.923200	5.431065	-0.000138	
60	280	-104.738930	1379.448150	1911.940570	-104.738930	21.883060	5.000000	-71489.630000	177988.113600	5.428975	0.000250	
60	308	93.530760	312.000210	378.000200	93.530760	-132.209360	5.000000	141999.957200	-128799.959800	5.426300	0.000077	
60	281	-101.219240	1730.999790	378.000200	-101.219240	132.249550	5.000000	-141799.957200	-128799.959800	5.422205	0.000835	
60	303	78.781090	1730.999790	1665.999800	78.781090	47.750450	5.000000	-141799.957200	128799.959800	5.422205	0.000830	
60	286	-86.468910	312.000210	1665.999800	-86.468910	-47.790640	5.000000	141999.957200	128799.960000	5.426300	0.000081	
60	289	-42.925370	1973.999670	1130.999960	-42.925370	83.468320	5.000000	-190399.933600	21799.992600	5.424420	0.000578	
60	312	148.074630	69.000260	1130.999960	148.074630	-83.475110	5.000000	190599.947400	21799.991400	5.429915	-0.000430	
60	290	-31.925700	69.000330	913.000040	-31.925700	-96.524890	5.000000	190599.933600	-21799.992600	5.429915	-0.000499	
60	311	137.074300	1973.999740	913.000040	137.074300	96.531680	5.000000	-190399.947400	-21799.991400	5.424425	0.000511	
60	299	26.322100	1970.999740	886.000050	26.322100	98.155460	5.000000	-189799.948000	-27199.990200	5.427050	0.000220	
60	278	-142.677900	72.000260	886.000050	-142.677900	-98.146990	5.000000	189999.948400	-27199.990200	5.432525	-0.000779	
60	300	37.322430	72.000260	1157.999950	37.322430	-81.853010	5.000000	189999.948000	27199.990200	5.432525	-0.000786	
60	277	-153.677570	1970.999740	1157.999950	-153.677570	81.844540	5.000000	-189799.948000	27199.990800	5.427050	0.000225	
61	16	-26.936280	1430.999440	783.000350	-26.936280	120.299970	1.000000	-81799.887600	-47799.931000	2.706080	0.001664	
61	39	159.313720	612.000560	783.000340	159.313720	-120.239050	1.000000	81999.887800	-47799.931400	2.710985	-0.000174	
61	18	-20.685950	612.000560	1260.999660	-20.685950	-59.760950	1.000000	81999.887800	47799.931400	2.710985	-0.000702	
61	37	153.064050	1430.999440	1260.999660	153.064050	59.700030	1.000000	-81799.887600	47799.931000	2.706080	0.001086	
61	28	82.463940	1201.999750	583.000570	82.463940	157.705260	1.000000	-35999.950600	-87799.886200	2.710390	0.000452	
61	13	-83.529870	841.000250	583.000580	-83.529870	-157.593610	1.000000	36199.950400	-87799.883200	2.712550	-0.000301	
61	34	96.464440	840.666930	1460.999430	96.464440	-22.443560	1.000000	36266.613200	87799.886200	2.713270	-0.000471	
61	7	-97.529540	1202.309010	1460.999410	-97.529540	22.329290	1.000000	-36061.801200	87799.883000	2.711055	0.000390	
61	24	20.564860	604.000560	797.000320	20.564860	-118.292580	1.000000	83599.887400	-44999.936200	2.711750	-0.000561	
61	1	-165.435140	1438.999440	797.000320	-165.435140	118.349890	1.000000	-83399.887200	-44999.936000	2.706755	0.001290	
61	22	14.565190	1439.999440	1246.999680	14.565190	61.707420	1.000000	-83599.887400	44999.936200	2.711750	0.000353	
61	3	-159.434810	603.000560	1246.999680	-159.434810	-61.764520	1.000000	83799.887600	44999.936400	2.716755	-0.001483	
61	32	89.831140	548.000550	997.000050	89.831140	-93.019130	1.000000	94799.889000	-4999.990400	2.711465	-0.000927	
61	9	-95.668860	1494.999440	997.000050	-95.668860	93.025500	1.000000	-94599.888800	-4999.990400	2.705795	0.001210	
61	30	84.331460	1494.999440	1046.999950	84.331460	86.974500	1.000000	-94599.888800	4999.990400	2.705795	0.001388	
61	11	-90.168540	548.000550	1046.999950	-90.168540	-86.980870	1.000000	94799.889000	4999.990400	2.711465	-0.000666	
61	69	91.295330	730.000320	557.000480	91.295330	-147.872950	2.000000	58399.936800	-92999.904200	3.133440	-0.000916	
61	47	-100.454670	1312.999680	557.000480	-100.454670	147.961400	2.000000	-58199.936800	-92999.904200	3.130430	0.000087	
61	65	79.545650	1312.999680	1486.999520	79.545650	32.038600	2.000000	-58199.936800	92999.904200	3.130430	0.000316	
61	51	-88.704350	730.000320	1486.999520	-88.704350	-32.127050	2.000000	58399.936800	92999.904200	3.133440	-0.000602	
61	53	-46.182780	1531.999500	1221.999790	-46.182780	68.587030	2.000000	-101999.901000	39999.959000	3.126270	0.001188	
61	73	140.567220	511.000490	1221.999800	140.567220	-68.625150	2.000000	102199.901600	39999.959400	3.131540	-0.000533	
61	55	-39.433110	511.000490	822.000200	-39.433110	-111.374850	2.000000	102199.901200	-39999.959200	3.131540	-0.001017	
61	71	133.816890	1531.999500	822.000210	133.816890	111.412970	2.000000	-101999.901000	-39999.959000	3.126270	0.000632	
61	63	41.066080	517.000540	1235.999780	41.066080	-67.034600	2.000000	100999.893000	42799.955800	3.129995	-0.000030	
61	43	-145.933920	1525.999510	1235.999780	-145.933920	66.993770	2.000000	-100799.901400	42799.955600	3.124780	0.001656	
61	45	-138.934240	516.000490	808.000220	-138.934240	-112.924710	2.000000	101199.901800	-42799.955800	3.135205	-0.001096	
61	96	-65.938480	1753.497270	756.000080	-65.938480	109.983170	3.000000	-146299.453600	-53199.983800	4.424165	0.000548	
61	132	123.561520	289.888400	755.987290	123.561520	-109.968610	3.000000	146422.320000	-53202.543000	4.427420	-0.000228	
61	100	-56.438150	289.573980	1288.036530	-56.438150	-70.037640	3.000000	146485.203000	53207.306200	4.429115	-0.000694	
61	128	114.061850	1752.999030	1287.999570	114.061850	70.004310	3.000000	-146199.805600	53199.913200	4.421545	0.000975	
61	106	-6.722410	1396.999800	339.000340	-6.722410	151.231090	3.000000	-74999.960400	-136599.931400	4.428720	0.000499	
61	81	-168.472410	646.000200	339.000340	-168.472410	-151.166670	3.000000	75199.960400	-136599.931400	4.431415	-0.000115	
61	114	11.527910	646.000200	1704.999660	11.527910	-28.833330	3.000000	75199.960400	136599.931400	4.431415	-0.000267	
61	139	173.277910	1396.999800	1704.999660	173.277910	28.768910	3.000000	-74999.960400	136599.931400	4.428720	0.000335	
61	109	0.528730	622.000210	353.000340	0.528730	-149.124490	3.000000	79999.957200	-133799.931800	4.430325	0.000053	
61	136	163.278730	1420.999790	353.000340	163.278730	149.187620	3.000000	-79799.957400	-133799.931800	4.427460	0.000687	
61	103	-16.720950	1421.999790	1690.999660	-16.720950	30.875510	3.000000	-79999.957200	133799.931800	4.430325	0.000448	
61	77	-179.470950	621.000210	1690.999660	-179.470950	-30.938560	3.000000	80199.957200	133799.932000	4.433200	-0.000212	
61	121	59.437630	284.000350	769.500110	59.437630	-108.887920	3.000000	147599.930600	-50499.977600	4.433335	-0.001089	
61	84	-129.937380	1758.995120	769.517260	-129.937380	108.910640	3.000000	-147399.024000	-50496.547600	4.427990	0.000146	
61	118	50.062990	1758.999910	1273.990550	50.062990	71.123730	3.000000	-147399.981200	50398.109600	4.427125	0.000732	
61	88	-120.562050	284.000350	1274.499890	-120.562050	-71.112080	3.000000	147599.930600	50499.977600	4.433335	-0.000638	
61	125	93.049560	364.000340	1438.999780	93.049560	-57.635990	3.000000	131599.932800	83399.955200	4.427785	0.000146	
61	91	-97.450440	1678.999660	1438.999770	-97.450440	57.596570	3.000000	-131399.932600	83399.955000	4.423060	0.001256	
61	124	82.674240	1679.999660	605.000220	82.674240	122.364010	3.000000	-131599.932800	-83399.955200	4.427785	0.000174	
61	93	-86.825760	363.000340	605.000220	-86.825760	-122.324680	3.000000	131799.932800	-83399.955200	4.432510	-0.000850	
61	105	-7.292970	1800.999660	1008.000010	-7.292970	91.029590	3.000000	-155799.931400	-2799.997800	4.428445	0.000340	
61	79	-178.417970	242.000340	1008.000010	-178.417970	-91.028280	3.000000	155999.931400	-2799.998000	4.434040	-0.000930	
61	111	1.582360	241.825800	1035.998530	1.582360	-88.972060	3.000000	156034.840600	2799.706400	4.435015	-0.001682	
61	138	172.707360	1800.499660	1035.999990	172.707360	88.969740	3.000000	-155699.931200	2799.998000	4.425650	0.000418	
61	184	-60.474690	1599.999790	311.000240	-60.474690	140.890980	4.000000	-115599.958000	-142199.951200	5.192390	0.000582	
61	255	135.775260	443.029630	310.373850	135.775260	-140.868620	4.000000	115794.074800	-142325.229800	5.198480	-0.000626	
61	191	-44.224470	443.192960	1734.348290	-44.224470	-39.095020	4.000000	115761.408400	142469.658400	5.201015	-0.001127	
61	249	119.400590	1599.499790	1733.499760	119.400590	39.065050	4.000000	-115499.958000	142299.951200	5.192795	0.000414	
61	251	126.008790	945.000040	108.000280	126.008790	-175.184480	4.000000	15399.992600	-182799.943800	5.197595	0.000083	
61	151	-148.991210	1097.999960	108.000280	-148.991210	175.246740	4.000000	-15199.992800	-182799.943800	5.197130	0.000199	
61	217	31.009110	1097.999960	1935.999720	31.009110	4.753260	4.000000	-15199.992800	182799.943800	5.197130	0.000318	
61	186	-53.990890	945.000040	1935.999720	-53.990890	-4.815520	4.000000	15399.992600	182799.943800	5.197595	0.000256	
61	226	52.651370	426.500210	324.000230	52.651370	-139.530790	4.000000	119099.958200	-139599.953200	5.199100	-0.000429	
61	155	-143.223630	1616.996050	324.000520	-143.223630	139.554710	4.000000	-118999.209400	-139599.896400	5.197290	-0.000058	
61	221	36.776700	1615.590730	1719.886580	36.776700	40.382980	4.000000	-118718.145800	139577.315600	5.191760	0.001324	
61	160	-127.348310	426.500210	1719.999770	-127.348310	-40.469210	4.000000	119099.958200	139599.953200	5.199100	-0.000062	
61	240	92.542890	250.000280	527.000190	92.542890	-122.667660	4.000000	154399.943000	-98999.961600	5.196635	-0.000515	
61	170	-99.707110	1792.999710	527.000190	-99.707110	122.701410	4.000000	-154199.943000	-98999.961400	5.191970	0.000423	
61	235	80.293210	1792.999710	1516.999810	80.293210	57.298590	4.000000	-154199.943000	98999.961400	5.191970	0.000537	
61	175	-87.456790	250.000280	1516.999810	-87.456790	-57.332340	4.000000	154399.943000	98999.961600	5.196635	-0.000317	
61	199	-21.951500	1830.999730	1451.999980	-21.951500	62.008440	4.000000	-161799.945800	85999.996600	5.191715	0.000994	
61	268	169.798480	211.633540	1452.337270	169.798480	-62.029900	4.000000	162073.291400	86067.453600	5.199285	-0.000479	
61	203	-10.201810	211.515130	592.162310	-10.201810	-117.939080	4.000000	162096.975000	-85967.538600	5.198565	-0.000753	
61	264	158.048220	1830.581530	592.480780	158.048220	117.977280	4.000000	-161716.305600	-85903.843800	5.188415	0.001178	
61	188	-47.469480	372.000210	375.000210	-47.469480	-134.867470	4.000000	129999.957400	-129399.957400	5.196940	-0.000298	
61	245	117.780520	1670.999790	375.000210	117.780520	134.911580	4.000000	-129799.957200	-129399.957400	5.193015	0.000418	
61	180	-62.219160	1670.999790	1668.999790	-62.219160	45.088420	4.000000	-129799.957200	129399.957400	5.193015	0.000681	
61	253	132.530840	372.000210	1668.999790	132.530840	-45.132530	4.000000	129999.957400	129399.957400	5.196940	-0.000112	
61	233	66.817960	124.708860	1212.868430	66.817960	-77.991240	4.000000	179458.227600	38173.686600	5.198310	-0.000733	
61	162	-123.807010	1917.999720	1212.499940	-123.807010	77.996980	4.000000	-179199.944800	38099.988800	5.190885	0.000728	
61	228	56.192670	1917.999720	831.500060	56.192670	102.003020	4.000000	-179199.944800	-38099.988800	5.190885	0.000960	
61	167	-113.182330	124.996590	831.479800	-113.182330	-101.991210	4.000000	179400.682400	-38104.039200	5.196350	-0.000057	
61	212	23.332520	1938.999710	1033.999990	23.332520	89.250260	4.000000	-183399.941600	2399.998600	5.196710	0.000172	
61	152	-146.167480	104.000290	1033.999990	-146.167480	-89.251080	4.000000	183599.941800	2399.998600	5.202255	-0.000877	
61	218	33.832280	105.000290	1011.000010	33.832280	-90.687270	4.000000	183399.941600	-2199.998800	5.196640	-0.000265	
61	147	-156.667720	1937.999710	1011.000010	-156.667720	90.688020	4.000000	-183199.941600	-2199.998800	5.191100	0.000813	
61	193	-39.670000	1936.999710	983.000020	-39.670000	92.440640	4.000000	-182999.942200	-7799.995800	5.189795	0.000726	
61	261	150.830000	106.000290	983.000020	150.830000	-92.437980	4.000000	183199.942200	-7799.995800	5.195330	-0.000367	
61	196	-29.169760	106.000290	1061.999980	-29.169760	-87.499590	4.000000	183199.942200	7999.995800	5.195570	-0.000717	
61	258	140.330240	1936.999710	1061.999980	140.330240	87.496860	4.000000	-182999.942400	7999.995800	5.190035	0.000316	
61	207	4.420900	1815.999710	564.000180	4.420900	119.977470	4.000000	-158799.942000	-91599.965000	5.194190	0.000534	
61	145	-163.579100	227.000290	564.000180	-163.579100	-119.946270	4.000000	158999.942000	-91599.964800	5.198995	-0.000388	
61	210	16.421020	227.501120	1479.999830	16.421020	-60.038110	4.000000	158899.776800	91599.965000	5.196590	-0.000282	
61	142	-175.578780	1815.499710	1479.999820	-175.578780	60.006900	4.000000	-158699.941200	91599.964800	5.191790	0.000640	
61	182	-61.681230	122.000270	845.000060	-61.681230	-101.126170	4.000000	179999.945400	-35399.988000	5.197605	-0.001058	
61	243	107.818770	1920.999730	845.000060	107.818770	101.138240	4.000000	-179799.945400	-35399.988000	5.192165	-0.000056	
61	178	-72.180910	1920.999730	1198.999940	-72.180910	78.861760	4.000000	-179799.945400	35399.988000	5.192165	0.000113	
61	247	118.319090	122.000270	1198.999940	118.319090	-78.873830	4.000000	179999.945400	35399.988000	5.197605	-0.000974	
61	230	58.029700	386.000210	1682.999780	58.029700	-43.895750	4.000000	127199.957800	132199.956800	5.197870	-0.000253	
61	158	-136.970300	1656.999790	1682.999780	-136.970300	43.850700	4.000000	-126999.957800	132199.956600	5.194030	0.000513	
61	224	43.029380	1657.999790	361.000220	43.029380	136.104250	4.000000	-127199.957800	-132199.956800	5.197870	-0.000081	
61	164	-121.970620	385.000210	361.000220	-121.970620	-136.059280	4.000000	127399.957800	-132199.956800	5.201715	-0.000791	
61	291	-30.206300	1848.999720	537.000170	-30.206300	120.389790	5.000000	-165399.944400	-96999.965800	5.427215	-0.000135	
61	315	162.543780	194.000280	538.000170	162.543780	-120.308040	5.000000	165599.944400	-96799.966000	5.429195	-0.000521	
61	293	-17.455970	195.000280	1506.999830	-17.455970	-59.610210	5.000000	165399.944400	96999.965800	5.427215	-0.000405	
61	313	149.794030	1847.999720	1506.999830	149.794030	59.579950	5.000000	-165199.944400	96999.965800	5.422450	0.000447	
61	301	75.066900	1378.902890	131.126030	75.066900	158.167920	5.000000	-71380.577200	-178174.793800	5.432640	-0.000570	
61	287	-76.365470	664.003490	131.495410	-76.365470	-158.099120	5.000000	71599.301600	-178100.918200	5.432995	-0.000595	
61	310	103.761070	663.584960	1911.959620	103.761070	-21.936210	5.000000	71683.009000	177991.923200	5.431065	-0.000216	
61	279	-104.961010	1380.118150	1912.945180	-104.961010	21.897810	5.000000	-71623.631000	178189.035400	5.435505	-0.000989	
61	297	23.796060	178.000280	566.000160	23.796060	-118.381660	5.000000	168799.944200	-91199.968400	5.430435	-0.000481	
61	273	-168.703940	1864.999720	566.000160	-168.703940	118.410080	5.000000	-168599.944200	-91199.968200	5.425575	0.000417	
61	295	11.296310	1864.999720	1478.999840	11.296310	61.537370	5.000000	-168599.944200	91399.968200	5.428210	0.000377	
61	275	-156.203690	178.000290	1478.999850	-156.203690	-61.565820	5.000000	168799.941800	91399.969000	5.433065	-0.000510	
61	306	92.329020	65.000280	971.000020	92.329020	-93.050490	5.000000	191399.945000	-10199.995200	5.425185	-0.000163	
61	282	-98.420980	1977.999720	971.000020	-98.420980	93.053680	5.000000	-191199.945000	-10199.995200	5.419670	0.000894	
61	304	81.579350	1978.999720	1072.999980	81.579350	86.949510	5.000000	-191399.945000	10199.995200	5.425185	-0.000056	
61	284	-87.670650	64.000330	1072.999980	-87.670650	-86.952680	5.000000	191599.933400	10199.996600	5.430705	-0.001026	
56	12	-89.418540	548.000550	1046.999950	-89.418540	-86.980870	1.000000	94799.889000	4999.990400	2.711465	-0.000299	
56	33	90.581140	547.000550	997.000050	90.581140	-93.012790	1.000000	94999.889400	-4999.990400	2.717135	-0.001616	
56	28	82.463940	1201.999750	583.000570	82.463940	157.705260	1.000000	-35999.950600	-87799.886200	2.710390	0.001003	
56	13	-83.529870	841.000250	583.000580	-83.529870	-157.593610	1.000000	36199.950400	-87799.883200	2.712550	0.000197	
56	34	96.464440	840.666930	1460.999430	96.464440	-22.443560	1.000000	36266.613200	87799.886200	2.713270	0.000202	
56	7	-97.529540	1202.309010	1460.999410	-97.529540	22.329290	1.000000	-36061.801200	87799.883000	2.711055	0.001007	
56	17	-26.186120	1431.999440	785.000340	-26.186120	120.030010	1.000000	-81999.887600	-47399.931800	2.705285	0.001434	
56	40	160.063880	611.000560	785.000340	160.063880	-119.969570	1.000000	82199.887600	-47399.932000	2.710205	-0.000349	
56	19	-19.935790	611.000560	1258.999660	-19.935790	-60.030430	1.000000	82199.887600	47399.932000	2.710205	-0.000491	
56	38	153.814210	1431.999420	1258.999670	153.814210	59.969990	1.000000	-81999.884000	47399.934000	2.705285	0.001365	
56	23	15.314940	1436.999440	1249.999670	15.314940	61.215710	1.000000	-82999.887200	45599.934800	2.704925	0.001374	
56	4	-158.685060	606.000560	1249.999680	-158.685060	-61.273870	1.000000	83199.887400	45599.935000	2.709905	-0.000439	
56	25	21.314620	605.000560	794.000320	21.314620	-118.668190	1.000000	83399.887600	-45599.935400	2.714885	-0.001906	
56	2	-164.685380	1437.999440	794.000320	-164.685380	118.726130	1.000000	-83199.887400	-45599.935000	2.709905	-0.000035	
56	62	34.815920	1526.999510	810.000220	34.815920	112.772760	2.000000	-100999.901800	-42399.956200	3.125595	0.001421	
56	46	-138.434080	516.000490	810.000220	-138.434080	-112.732330	2.000000	101199.901600	-42399.956200	3.130815	-0.000227	
56	64	41.566240	515.000490	1233.999780	41.566240	-67.307960	2.000000	101399.901800	42399.956400	3.136035	-0.001423	
56	44	-145.183760	1527.999510	1233.999780	-145.183760	67.267670	2.000000	-101199.901600	42399.956200	3.130815	0.000266	
56	66	80.795650	1312.999680	1486.999520	80.795650	32.038600	2.000000	-58199.936800	92999.904200	3.130430	0.000364	
56	52	-87.454350	730.000320	1486.999520	-87.454350	-32.127050	2.000000	58399.936800	92999.904200	3.133440	-0.000604	
56	70	92.545330	730.000320	557.000480	92.545330	-147.872950	2.000000	58399.936800	-92999.904200	3.133440	-0.000215	
56	48	-99.204670	1312.999680	557.000480	-99.204670	147.961400	2.000000	-58199.936800	-92999.904200	3.130430	0.000737	
56	54	-45.683020	1530.999510	1224.999790	-45.683020	68.256840	2.000000	-101799.901200	40599.958400	3.127250	0.000635	
56	74	141.066980	512.000490	1224.999790	141.066980	-68.295510	2.000000	101999.901600	40599.958800	3.132510	-0.001014	
56	72	134.316650	1530.999510	819.000210	134.316650	111.743160	2.000000	-101799.901600	-40599.958600	3.127250	0.000396	
56	119	50.812740	1757.999650	1276.999880	50.812740	70.890470	3.000000	-147199.930400	50999.975200	4.427310	0.000347	
56	89	-119.687260	285.000350	1276.999880	-119.687260	-70.914520	3.000000	147399.930400	50999.975200	4.432595	-0.000830	
56	122	60.312420	285.000350	767.000120	60.312420	-109.085480	3.000000	147399.930400	-50999.975200	4.432595	-0.000411	
56	86	-129.187580	1757.999650	767.000120	-129.187580	109.109530	3.000000	-147199.930400	-50999.975200	4.427310	0.000790	
56	124	82.674240	1679.999660	605.000220	82.674240	122.364010	3.000000	-131599.932800	-83399.955200	4.427785	0.000925	
56	93	-86.825760	363.000340	605.000220	-86.825760	-122.324680	3.000000	131799.932800	-83399.955200	4.432510	-0.000149	
56	126	93.299560	362.000340	1438.999780	93.299560	-57.714560	3.000000	131999.932800	83399.955400	4.437240	-0.000827	
56	92	-97.200440	1680.999660	1438.999780	-97.200440	57.675320	3.000000	-131799.932800	83399.955200	4.432510	0.000229	
56	108	-5.972250	1400.999800	341.000340	-5.972250	150.902550	3.000000	-75799.960000	-136199.931400	4.429755	0.000414	
56	82	-167.722250	642.000200	341.000340	-167.722250	-150.838360	3.000000	75999.959800	-136199.931600	4.432480	-0.000166	
56	115	12.278080	642.000200	1702.999660	12.278080	-29.161640	3.000000	75999.959800	136199.931600	4.432480	-0.000142	
56	141	174.028080	1400.999800	1702.999660	174.028080	29.097450	3.000000	-75799.960000	136199.931400	4.429755	0.000506	
56	107	-6.667560	1799.999660	1013.000010	-6.667560	90.662770	3.000000	-155599.931200	-1799.998600	4.422440	0.000339	
56	80	-177.667560	243.000340	1013.000010	-177.667560	-90.661920	3.000000	155799.931200	-1799.998600	4.428035	-0.000887	
56	113	2.332760	243.000340	1030.999990	2.332760	-89.338080	3.000000	155799.931200	1799.998600	4.428035	-0.000813	
56	140	173.332760	1799.999590	1030.999990	173.332760	89.337220	3.000000	-155599.917400	1799.999000	4.422440	0.000484	
56	104	-16.221190	1415.999790	1693.999660	-16.221190	30.383500	3.000000	-78799.958000	134399.931600	4.427665	0.000617	
56	78	-178.721190	627.000210	1693.999660	-178.721190	-30.446910	3.000000	78999.957800	134399.931800	4.430500	0.000011	
56	110	1.278480	626.000210	350.000340	1.278480	-149.489760	3.000000	79199.957800	-134399.931800	4.433335	-0.000612	
56	137	163.778480	1415.999790	350.000340	163.778480	149.616500	3.000000	-78799.958000	-134399.931600	4.427665	0.000705	
56	101	-55.687990	289.000350	1285.999870	-55.687990	-70.192820	3.000000	146599.930400	52799.974000	4.428260	-0.000178	
56	130	114.812010	1753.999650	1285.999870	114.812010	70.167870	3.000000	-146399.930200	52799.973800	4.422995	0.001038	
56	97	-65.188310	1754.999650	758.000130	-65.188310	109.807180	3.000000	-146599.930400	-52799.974000	4.428260	0.000146	
56	134	124.311690	288.000350	758.000130	124.311690	-109.782290	3.000000	146799.930400	-52799.974000	4.433520	-0.001016	
56	229	56.817790	1918.999720	833.000060	56.817790	101.898310	4.000000	-179399.945000	-37799.987400	5.194585	0.000495	
56	169	-112.682210	124.000280	833.000060	-112.682210	-101.885440	4.000000	179599.945000	-37799.987400	5.200010	-0.000539	
56	234	67.318120	124.000280	1210.999940	67.318120	-78.114560	4.000000	179599.945000	37799.987400	5.200010	-0.000167	
56	163	-123.181880	1918.999720	1210.999940	-123.181880	78.101690	4.000000	-179399.945000	37799.987400	5.194585	0.000884	
56	225	43.529540	1659.999790	363.000220	43.529540	135.927610	4.000000	-127599.957800	-131799.956800	5.197595	0.000316	
56	165	-121.470460	383.000210	363.000220	-121.470460	-135.882760	4.000000	127799.957800	-131799.957000	5.201450	-0.000408	
56	231	58.529870	382.000210	1680.999780	58.529870	-44.162020	4.000000	127999.957800	131799.957000	5.205310	-0.000916	
56	159	-136.470130	1660.999790	1680.999780	-136.470130	44.117240	4.000000	-127799.957800	131799.957000	5.201450	-0.000163	
56	208	5.046220	1817.999700	568.000170	5.046220	119.698350	4.000000	-159199.939800	-90799.966200	5.192775	0.000150	
56	146	-162.953780	225.000290	568.000170	-162.953780	-119.667400	4.000000	159399.941800	-90799.965200	5.197590	-0.000743	
56	211	17.046550	225.000290	1475.999830	17.046550	-60.332600	4.000000	159399.941800	90799.965200	5.197590	-0.000627	
56	143	-174.953450	1817.999710	1475.999830	-174.953450	60.301650	4.000000	-159199.941800	90799.965200	5.192775	0.000330	
56	214	24.082190	1936.999710	1037.999990	24.082190	88.998210	4.000000	-182999.941600	3199.998200	5.185965	0.001252	
56	154	-145.417810	106.000290	1037.999990	-145.417810	-88.999300	4.000000	183199.941600	3199.998200	5.191505	0.000214	
56	220	34.581870	105.000290	1006.000010	34.581870	-90.999610	4.000000	183399.941600	-3199.998200	5.197050	-0.000592	
56	149	-155.918130	1937.999710	1006.000010	-155.918130	91.000700	4.000000	-183199.941600	-3199.998200	5.191505	0.000495	
56	192	-43.224280	441.000210	1731.999760	-43.224280	-39.293800	4.000000	116199.958200	141999.951600	5.198610	-0.000420	
56	250	120.525720	1601.999790	1731.999760	120.525720	39.245430	4.000000	-115999.958000	141999.951400	5.195100	0.000283	
56	185	-59.474610	1601.999790	312.000240	-59.474610	140.754570	4.000000	-115999.958000	-141999.951400	5.195100	0.000419	
56	257	136.775390	441.000210	312.000240	136.775390	-140.706200	4.000000	116199.958200	-141999.951600	5.198610	-0.000226	
56	252	130.758710	947.000040	107.000280	130.758710	-175.314100	4.000000	14999.992800	-182999.943800	5.202200	-0.000332	
56	153	-145.741290	1095.999960	107.000280	-145.741290	175.376310	4.000000	-14799.992800	-182999.943800	5.201750	-0.000249	
56	219	34.259030	1095.999960	1936.999720	34.259030	4.623690	4.000000	-14799.992800	182999.943800	5.201750	-0.000338	
56	187	-49.240970	947.000040	1936.999720	-49.240970	-4.685900	4.000000	14999.992800	182999.943800	5.202200	-0.000428	
56	201	-21.201990	1826.999710	1457.999830	-21.201990	61.559360	4.000000	-160999.941600	87199.966800	5.187900	0.000728	
56	270	170.548010	216.000290	1457.999830	170.548010	-61.589140	4.000000	161199.941600	87199.966800	5.192775	-0.000174	
56	204	-9.452310	216.000290	586.000170	-9.452310	-118.410860	4.000000	161199.941600	-87199.966800	5.192775	-0.000201	
56	267	158.797690	1826.999710	586.000170	158.797690	118.440640	4.000000	-160999.941600	-87199.966800	5.187900	0.000775	
56	197	-28.419350	106.000290	1056.999980	-28.419350	-87.811820	4.000000	183199.942200	6999.996200	5.194435	-0.000797	
56	259	141.080650	1936.999710	1056.999980	141.080650	87.809430	4.000000	-182999.942000	6999.996200	5.188900	0.000304	
56	194	-38.919680	1936.999710	987.000020	-38.919680	92.190570	4.000000	-182999.942000	-6999.996200	5.188900	0.000395	
56	262	151.580320	106.000290	987.000020	151.580320	-92.188180	4.000000	183199.942200	-6999.996200	5.194435	-0.000638	
56	236	81.043130	1792.999710	1517.999820	81.043130	57.246000	4.000000	-154199.941800	99199.963200	5.194970	0.000314	
56	176	-86.456870	250.000280	1517.999810	-86.456870	-57.279780	4.000000	154399.943200	99199.961400	5.199630	-0.000589	
56	241	93.542810	250.000280	526.000190	93.542810	-122.720220	4.000000	154399.943200	-99199.961400	5.199630	-0.000241	
56	171	-98.957190	1792.999710	526.000190	-98.957190	122.754000	4.000000	-154199.943000	-99199.961400	5.194970	0.000647	
56	183	-61.181480	123.000270	842.000060	-61.181480	-101.322190	4.000000	179799.945200	-35999.987800	5.195405	-0.000102	
56	244	108.318520	1919.999730	842.000060	108.318520	101.334470	4.000000	-179599.945200	-35999.987800	5.189970	0.000964	
56	179	-71.681070	1920.999730	1200.999940	-71.681070	78.739100	4.000000	-179799.945400	35799.987800	5.194320	0.000405	
56	248	118.818850	122.000270	1201.999940	118.818850	-78.690070	4.000000	179999.945400	35999.987800	5.200840	-0.000820	
56	227	53.776120	430.000210	321.000240	53.776120	-139.818650	4.000000	118399.958200	-140199.952800	5.199225	-0.000281	
56	157	-142.223880	1612.999790	321.000240	-142.223880	139.866390	4.000000	-118199.958000	-140199.952800	5.195650	0.000424	
56	223	37.776450	1612.999790	1722.999760	37.776450	40.133610	4.000000	-118199.958000	140199.952800	5.195650	0.000162	
56	161	-126.223550	430.000210	1722.999760	-126.223550	-40.181350	4.000000	118399.958200	140199.952800	5.199225	-0.000508	
56	181	-61.969400	1668.999790	1671.999790	-61.969400	44.867470	4.000000	-129399.957400	129999.957200	5.196940	0.000203	
56	254	132.780600	374.000210	1671.999790	132.780600	-44.911720	4.000000	129599.957400	129999.957400	5.200850	-0.000521	
56	189	-47.219730	374.000210	372.000210	-47.219730	-135.088280	4.000000	129599.957400	-129999.957400	5.200850	-0.000717	
56	246	118.030270	1668.999790	372.000210	118.030270	135.132530	4.000000	-129399.957400	-129999.957200	5.196940	0.000063	
56	305	82.329350	1978.999720	1072.999980	82.329350	86.949510	5.000000	-191399.945000	10199.995200	5.425185	0.000610	
56	285	-86.920650	64.000330	1072.999980	-86.920650	-86.952680	5.000000	191599.933400	10199.996600	5.430705	-0.000411	
56	307	93.079020	64.000270	971.000020	93.079020	-93.047320	5.000000	191599.945200	-10199.995200	5.430705	-0.000030	
56	283	-97.670980	1978.999730	971.000030	-97.670980	93.050490	5.000000	-191399.945600	-10199.995000	5.425185	0.000975	
56	301	75.066900	1378.902890	131.126030	75.066900	158.167920	5.000000	-71380.577200	-178174.793800	5.432640	0.000006	
56	287	-76.365470	664.003490	131.495410	-76.365470	-158.099120	5.000000	71599.301600	-178100.918200	5.432995	-0.000069	
56	309	103.547380	662.926440	1912.925910	103.547380	-21.951120	5.000000	71814.711400	178185.181800	5.437380	-0.000729	
56	279	-104.961010	1380.118150	1912.945180	-104.961010	21.897810	5.000000	-71623.631000	178189.035400	5.435505	-0.000396	
56	292	-29.205890	1850.999720	542.000170	-29.205890	120.071310	5.000000	-165799.944400	-95999.966200	5.422855	0.000256	
56	316	163.294110	192.000280	542.000170	163.294110	-120.041360	5.000000	165999.944400	-95999.966200	5.427635	-0.000589	
56	294	-16.705570	192.000280	1501.999830	-16.705570	-59.958640	5.000000	165999.944400	95999.966200	5.427635	-0.000676	
56	314	150.794430	1850.999720	1501.999830	150.794430	59.928690	5.000000	-165799.944400	95999.966200	5.422855	0.000241	
56	296	12.045900	1860.999720	1483.999840	12.045900	61.160380	5.000000	-167799.944200	92399.967800	5.422055	0.000338	
56	276	-155.454100	182.000280	1483.999840	-155.454100	-61.189210	5.000000	167999.944200	92399.967800	5.426900	-0.000521	
56	298	24.545570	182.000280	560.000160	24.545570	-118.810790	5.000000	167999.944200	-92399.967800	5.426900	-0.000354	
56	274	-167.954430	1860.999720	560.000160	-167.954430	118.839620	5.000000	-167799.944200	-92399.967800	5.422055	0.000565	
